benchmark_name,event_count,repetitions,warmups,median_events_per_sec,median_ns_per_event,min_ns_per_event,max_ns_per_event,final_state_hash
order_book_apply,100000,5,1,41660886.219,24.003,22.510,24.412,e3c154d22706031c
bare_event_iteration,100000,5,1,637958532.695,1.567,1.567,1.580,a4445da1d4c19ace
event_type_dispatch_only,100000,5,1,94343271.768,10.600,10.440,10.681,55d684c8b390e7f1
core_preloaded_replay,100000,5,1,26714453.481,37.433,36.186,39.450,7881be7964fe68e6
order_book_apply,1000000,5,1,45301053.132,22.075,21.785,22.248,a7145c79f43da48a
bare_event_iteration,1000000,5,1,633395659.466,1.579,1.552,1.618,b43a3a668619fe0e
event_type_dispatch_only,1000000,5,1,88443722.154,11.307,10.644,12.486,44a3decf7d24b334
core_preloaded_replay,1000000,5,1,24639240.859,40.586,39.255,41.239,2855ca09d92eee1f
end_to_end_public_example,5,5,1,3920.157,255091.800,248975.000,270125.000,8aca37583ca6f83a
